<?xml version="1.0" encoding="ISO-8859-1"?>

<!DOCTYPE web-app 
    PUBLIC "-//Sun Microsystems, Inc.//DTD Web Application 2.3//EN" 
    "http://java.sun.com/dtd/web-app_2_3.dtd">

<web-app>
 <display-name>Crawler Master Servlet</display-name>

 <servlet>
  <servlet-name>crawler-master</servlet-name>
  <servlet-class>crawler.master.CrawlerMasterServlet</servlet-class>
 </servlet>

 <servlet-mapping>
  <servlet-name>crawler-master</servlet-name>
  <url-pattern>/*</url-pattern>
 </servlet-mapping>

</web-app>
